ID,Nome,Telemovel,Referencia,Familia de,Nacionalidade,Pedidos,Notas
1,Gretchen Wolf,+15599156771,Mildred Morar,3,"Brasileira ",,menina 11 anos
2,Dr. Nathaniel Rath,+17737995130,Dr. Owen Lynch,,Bangladesh,,
3,Shelia Mueller,+12416914958,Courtney Terry,,,,
4,Susie Marks-Franecki,+18047929202,Beverly Tremblay,2,S�o Tom�,,
5,Frank Reilly,+17219790883,Valerie Ebert,6,Brasileira,"Passa � frente na fila. ",boys 4 and 5
6,Amy Gottlieb,+17553530870,Gladys Bashirian,1,brasileiro,,
7,Jesus Reichert,+15599697980,Dr. Dianna Witting,4,"S�o Tom� ",,
8,Alan Kuhn,+13776060048,Jared Kilback,,,,Avisados
9,Raquel Zieme DVM,+15594517483,Gertrude Rau,3,,girl 3 boy 6,Avisados
10,Charlene Batz,+18098695877,Ida Schowalter,1,Brasileira,,
11,Sheryl Cummerata,+14284528364,Rosie Kuhlman,4,Brasileiro,menino 1m,
12,Dr. David Walsh,+17526877938,Amos Mills,,Senegal,,Adolescer
13,Jonathan Deckow,+13486500280,Tomas Brekke IV,2,"Argentina ",,
14,Beulah Hagenes,+15018455130,Elsie Streich,1,Colombiano,,
15,Roderick Aufderhar,+16795918230,Maggie Reinger Jr.,,Ucraniana,,
16,Bert Runolfsson,+18042407113,Wilson Bergstrom Sr.,4,brasileira,,
17,Arthur Klocko,+14599079669,Eloise Kutch,4,"Portugu�s ",menino 4,casa de brincar
18,Mrs. Joanna Ortiz-Breitenberg,+18818814311,Toby Nolan,,Brasileiros,,
19,Marsha Jacobi,+19456518845,Jody Gutkowski,1,"Espanhol ",,
20,Beulah Kessler V,+14758789273,Cecil Bayer,,G�mbia,,Adolescer
21,Eileen Jacobs,+15414675400,Tom Swift,4,Brasileiros,,
22,Peggy Labadie-Kautzer,+16872074684,Cassandra Dibbert,,,,
23,Michelle Hansen,+17916143992,Sonia Keebler,,,"camas crian�a e adulto sof�s, mesa, ",
24,Spencer Osinski,+16564422848,Robin Marquardt,4,"angola ",,
25,Adrienne Davis,+18854826260,Agnes Hartmann-Kris MD,5,"Guin� ",,"gr�vida "
26,Sandy Borer,+17275942019,Martin Fisher-Lindgren,,,,
27,Mr. Richard Gibson,+15568029537,Blanca Murphy,2,Em Salvador,,
28,Dr. Jeffrey Grady DDS,+14062264501,Dr. Herbert Toy,4,portuguesa,,gr�vida  e menino 6 anos
29,Dr. Brenda Rowe,+18266793102,Winifred Robel,1,portuguesa,,
30,Terrell Heller,+18377404930,Miss Marlene Wunsch,4,brasileira,,
31,Archie Pouros,+16545376743,Barbara Leannon,4,Brasileiro,,
32,Esther Schaefer,+14519687969,Eugene Schaden,5,"brasileira ",,
33,Roderick Franey-Hoppe Jr.,+14919120057,Wilbert Wehner,3,brasileira,,
34,Naomi Von,+16108203867,Douglas Gibson,4,Ucraniana,,
35,Darnell Hansen,+16899456196,Pam Larson,,,,
36,Erma Bergnaum,+15443049987,Rolando Wilkinson,,,,
37,Dr. Darnell O'Connell,+14157634934,Curtis Franey IV,1,Brasileiro,,
38,Wendell Bayer,+17683505992,Gerardo Prosacco,2,"colombiano ",,
39,Richard Daniel,+18353062644,Dr. Grady Mertz,3,"brasileiro ",,
40,Edgar Rohan,+13054131154,Wm Spencer,,,,
41,Leslie King I,+17814963423,Guillermo Vandervort,4,Colombiano,,
42,Kelly Stracke,+15073038982,Ada Farrell,2,"brasileira ",,
43,Jacquelyn Leuschke IV,+16064768056,Dr. Edmund Armstrong,1,Brasileira,,
44,Marco Vandervort,+18056725412,Alice Russel,1,"brasileira ",,
45,Allen Farrell MD,+18198180867,Leo Bashirian,2,Columbiano,,Menina 3
46,Wayne Koss,+18974674088,Randolph Koch,1,colombiana,,
47,Sandy Hickle,+13647993734,Whitney Raynor,,"venezuela ",,
48,Connie Ledner,+12436435677,Patty Kutch,1,"portugu�s ",,projeto homem
49,Latoya Stanton,+13862426075,Marianne Emard,4,Portuguesa,,G�meos 4
50,Muriel Gleichner,+12214575017,Tyler Renner,2,Peruano,,
51,Miriam Dooley Sr.,+19935814582,Clifford Pollich,4,brasileira,,
52,Marvin Gutkowski DVM,+16359720482,Darlene Heller,3,"Brasileiro ",,menina 3 anos
53,Mrs. Dianne Witting,+18755586213,Otis Wilkinson,,Portuguesa,,
54,Larry Mraz,+16756612740,Raul Langosh,3,brasileira,,
55,Bessie Weissnat,+15292779965,Karen Kilback,2,Brasileiro,,
56,Bernadette Johns-Fisher,+18723981384,Dora Hermann,2,Brasileiros,,
57,Mattie Lehner III,+18165540702,Nelson Torphy,3,Nepal,menino 7m,
58,Brittany Feeney,+19005590490,Neil Larkin,,"Port./Mo�ambique ",5 filhos fora,Vive na rua
59,Fredrick Torphy,+19648923294,Joann Feil,2,"Venezuela ",,"menino 1 ano "
60,Kerry Stoltenberg,+19862870451,Irma Langosh MD,4,Portuguesa,2 meninas 1 e 6 anos,
61,Marguerite Wunsch,+15529903869,Eileen Mitchell,,,,
62,Jamie Ferry,+18536236869,Ben Torphy,,Brasileiros,,
63,Vernon Wiegand,+19139811110,John Ryan,3,"Uruguai ",,
64,Jaime Tromp,+15875702289,Wm Goodwin,6,colombiana,,
65,Irvin Kessler III,+18233932920,Miranda Lehner III,3,colombiana,,
66,Nancy Kuhn,+18252029279,Nathan Konopelski,3,"brasileira ",,
67,Janice Brakus,+12303823842,Jackie Johns I,4,"Guin� ",,menina 3
68,Mr. Lowell Koepp,+13457389838,Mr. Terrell Jakubowski,1,Ucraniano,,
69,Pam Feeney,+14296951361,Malcolm Bashirian,4,Brasileiro,,Boys 12 e 19
70,Tracy Hyatt,+16808871584,Tommy Schaefer,3,brasileiro,,
71,Mr. Bryant Dietrich Sr.,+18969798591,Stacey McGlynn DDS,4,"brasileiros ",,
72,Alfred Barrows,+15945045242,Mr. Micheal Hartmann-Waelchi,,,,
73,Drew Stokes II,+15919469016,Bridget Bosco,3,"Brasileiro ",,
74,Blake Hermann,+15982857814,Erick Lebsack,5,"brasileiros ",,
75,Melody Ullrich I,+15768397385,Marsha Harris,2,Colombiano,,
76,Neal Senger,+19532861912,Freda Gerlach Jr.,3,"colombiano ",,
77,Ronald Rohan III,+15978298356,Ismael Conn,,Brasileiros,,
78,Angelica Jakubowski III,+12475453161,Tasha Schaden,4,Brasileiro,,
79,Elbert Schuppe,+17485704346,Tabitha Abernathy,2,"Brasileiros ",,
80,Clinton Schumm,+14025599759,Dora Bednar,3,brasileiro,,
81,Dr. Jenna Yundt-Waelchi,+19944450015,Jeffrey Ernser Sr.,3,,,Columbianos
82,Rhonda Reichert V,+18967078372,Russell Auer,3,"colombianos ",,
83,Alton Huels MD,+19748632501,Marcus Buckridge IV,4,"Argentina ",,
84,Miss Viola Bednar,+18239443123,Terrence Runolfsdottir,6,"Cabo verdiana ",,
85,Molly Crona,+18002142552,Kristin Schoen,4,Nepal,,
86,Marshall Schiller,+17803336571,Nathaniel Keebler,3,colombianos,,
87,Margarita Ruecker,+16345494543,Brittany Hettinger,3,"Cubana ",,
88,Jermaine Stoltenberg,+16849488281,Mrs. Mabel Hilll,3,Portuguesa,,Girl 2 Boy 11
89,Harvey Kihn-Franey,+19972500185,Timmy Cartwright,4,Brasileiro,,
90,Marilyn Leffler,+15074576267,Grant Bechtelar,2,"Brasileira ",,
91,Kate Grimes,+14815968163,Brittany Ziemann,3,"brasileiro ",,
92,Dr. Jordan Mills,+17006135954,Deborah Medhurst,,,,Avisados
93,Mr. Angel Kuhlman,+14317620274,Joey Raynor II,1,"portuguesa ",,
94,Dr. Christine Cormier,+14377751770,Lowell Lesch,2,Espanhol,,
95,Katherine Metz MD,+12107225525,Miss Lynda Stamm,,,,
96,Billy Kertzmann I,+17964082499,Jennifer Leffler V,4,Colombiano,,
97,Ralph Corkery,+17062382883,Caleb Anderson,4,,,
98,Shelly Ankunding,+18944847421,Kerry Gerlach,2,Columbiano,,Roupa gravida
99,Sidney Weissnat-Littel,+14848391331,Vickie Wyman DVM,3,brasileira,,
100,Joel Feil,+13784923868,Franklin Pfeffer,,,,
101,Dr. Johnathan Christiansen I,+17822351916,Mrs. Shirley Beer,1,Brasileiro,,
102,Arturo Rodriguez,+13033537412,Dr. Jane Fahey,,,,
103,Dr. Austin Baumbach,+14925888611,Stanley Cummings,5,Brasileiros,,
104,Ira Kuhn,+19097848255,Dr. Naomi Bartell,,Ucraniana,,
105,Megan Russel,+12708983001,Mr. Adam Hettinger PhD,3," Brasileiros",-5,
106,Ms. April Rice,+16786251893,Jessie Crist,,,,
107,Mr. Jean Wolf,+17597181548,Charles Paucek,2,Brasileiros,,
108,Lana Wunsch,+12912142836,Rudy Heaney MD,2,"colombiana ",,
109,Luis Weimann PhD,+12918212591,Eva Green,2,Brasileiro,,
110,Brent Lockman,+15715569327,Mrs. Dolores Little,,,,
111,Kim Zulauf,+19255108682,Holly Howe,4,brasileira,,ber�o e carrinho
112,Judith Larkin,+15979886975,Israel Tromp,,,,
113,Mathew Ziemann,+17054045042,Dr. Margarita Hilpert,,Portuguesa,2 filhos grandes,Vive na rua
114,Merle Lakin,+16949557289,Rogelio Orn,4,Brasileira,,
115,Yvonne Krajcik,+15466424625,Dr. Dwayne Balistreri,1,colombiano,,
116,Rickey Swaniawski Sr.,+16795899552,Sherman Schulist,,,,
117,Patsy Bauch Jr.,+16428669469,May Koss,5,"Brasileira ",,
118,Lee Hills,+13423189295,Charlie Moen,1,"s�o Tom� ",,
119,Melinda Corwin,+18679439926,Joann Wintheiser,3,Brasileiro,,
120,Gwen Jacobson,+16514034363,Erika Erdman DVM,,,,
121,Dr. Glen Hirthe,+14758358534,Tiffany Fay,1,Guatemala,,
122,Josephine Reynolds,+13043437484,Miss Yvonne Robel,3,"colombiano ",,menino 1 ano
123,David Smitham,+14322631904,Dr. Jeremy Powlowski I,4,brasileira,,
124,Chelsea Durgan,+16228004650,Fredrick Ritchie,1,Brasileira,,
125,Marian Dooley,+15387768101,Courtney Lang,5,,,
126,Myrtle Hoeger,+17833575588,Anita Prosacco,3,ucraniano,,
127,Edmond Watsica,+17203719068,Abraham Lynch,3,"Portugu�s ",,
128,Eula Rogahn,+15467243458,Ms. Tasha Walsh,4,Cabo verdiana,,
129,Ian Hagenes,+18514176851,Dr. Joshua Macejkovic I,3,Brasileiro,,
130,Karl Goldner,+16283220610,Rodney Botsford,3,brasileira,,
131,Douglas Conroy,+17644644921,Annie Gislason,2,"Brasileira ",,
132,Jerome Doyle,+14909056067,Jodi Kautzer,2,Angolano,,
133,Mr. Travis O'Conner,+18614264006,Darren Mann,1,brasileiro,,
134,Elena Strosin V,+12488228217,Dr. Noah Weimann,3,Brasileira,,
135,Tracey Walker,+13347703033,Dr. Marc Hudson,,Argentinos,,
136,Tyler Tillman,+14207806515,Nichole Johns-Koss,3,"Portugu�s ",,"menino 1 ano "
137,Dr. Darren MacGyver,+15683566455,Paul Sanford,,"Brasileiro ",,
138,Chris Wehner,+14307314513,Jody Gleason,,Columbiano,,
139,Charlene Borer,+15644852914,Dr. Ralph Blick,2,"brasileiro ",,
140,Esther Fritsch,+19192769064,Elvira Kris,3,brasileira,,
141,Olga Cormier,+16437405767,Beatrice Powlowski,3,Angolana,,girl 10 boy 1
142,Simon Swift,+14252646040,Marlon White,3,Brasileiro,,beb�
143,Richard Parker Sr.,+14147655473,Cora Blick,3,Haitiana,,menino 2 anos
144,Daisy Abernathy,+13684813584,Peter Wyman,5,"Guin� ",,meninos 3 anos e 1 ano
145,Noel Kiehn,+12726259367,Dr. Lucy Hirthe IV,3,brasileiro,,
146,Jerald Smitham,+13669226759,Shannon Marks Jr.,2,Brasileiro,,
147,Gerardo Herman,+19699074589,Johnnie Conroy,3,brasileira,,len��is
148,Anne Kunze,+17613592666,Miss Holly McGlynn,4,Brasileiro,,
149,Rose Keebler,+18607264645,Michael Mayert,4,brasileira,babycoc,"menina 2anos e gr�vida "
150,Eric Rippin,+18925196615,Russell Kovacek,,,computador e aspirador,
151,Ebony Murray,+13515861014,Audrey Gusikowski,1,Brasileiro,,
152,Colleen Mann,+17363501139,Angelina Zieme,,,,
153,Andre Frami,+12884798030,Nettie Bailey,2,"Espanhol ",,
154,Robin Schroeder,+18126389834,Lisa Towne,5,Uruguai,1 Cama solteiro estrato,
155,Bryan Franey,+17348270977,Vera Ortiz,5,"Brasileiros ","meninos 8, 12, 15",
156,Candace Mayer,+18395428731,Brandi Quitzon,3,brasileira,,
157,Faith Dare,+18433874757,Ross Gibson,6,"Columbiano ",,
158,Leonard Kulas IV,+17044782874,Jeffery Rosenbaum,4,"Brasileiro ",menino 7,
159,Nora Armstrong,+13164738029,Ricky Pfannerstill,2,peruana,,
160,Catherine Schneider,+12032771672,Vincent Sipes,3,"Brasileiros ",,
161,Catherine Jast,+15754678183,Gail Sauer Jr.,3,"brasileiro ",,12 anos e 22 anos
162,Shawna Ullrich,+14334479883,Megan Rosenbaum,3," Brasileiros",,
163,Tiffany Pollich,+13677236004,Clinton Morar,2,brasileiro,,
164,Marcia Armstrong,+17106926250,Homer Bins,2,brasileiro,,
165,Ramona Ortiz,+12262651278,Erica Robel,3,"brasileiro ",,roupas crian�a
166,Edmund Rath,+15169436470,Jordan Kunde,4,"colombiano ",,
167,Paulette Paucek,+13934339582,Simon Wolf,3,Portuguesa,,
168,Marta Prosacco,+14459359755,Diane Braun,3,,,
169,Vanessa Jast,+19442115032,Carolyn Crist,1,Brasileiro,,
170,Martha Brown,+13665453198,Alan Kuhic-Hessel,1,Peru,,
171,Ms. Robyn Ruecker II,+12367666267,Nina Russel,,,,
172,Garry Schaefer,+14743565734,Mr. Alan Macejkovic,,,,
173,Miss Amber Feeney,+15848655271,Mrs. Lynette Hauck,,,,
174,Christine Quigley,+19582734643,Everett Kris,1,Brasileira,,
175,Seth Wolff Jr.,+14019552036,Maxine Carter,1,"Brasileiro ",,
176,Gina Beier,+13288590044,Dominick Tillman,3,Brasileiros,,
177,Raquel Bahringer,+16034101814,Lyle Howell,1,Columbiano,,
178,Bryant Sauer,+12136431486,Darin Kuhic-Carter,5,"Portugu�s ",,"girls 8, 19, 15"
179,Ira Jakubowski,+13486283854,Guadalupe O'Kon,5,Brasileira,,
180,Bryan Toy,+12244429238,Ernest Rodriguez,3,"ucraniana ",,
181,Patty Stanton,+12964367902,Juan Beatty,1,Brasileira,,
182,Javier Willms,+17437174230,Keith Herzog,3,brasileira,,
183,Roman Shields DDS,+18258029774,Loretta Bruen,3,Brasileira,,
184,Maria Murray,+16775720660,Felicia Price DVM,2,,,
185,Greg Muller-Bashirian,+12637182153,Mr. Enrique Gleason Jr.,3,Cuba,,Girl 6
186,Hilda Hane,+18995663476,Janice Bartoletti,1,Peruano,,
187,Mr. Garry Gottlieb-Boyer,+13106164454,Olive Jaskolski-Lesch,,,,
188,Kerry Buckridge,+15028443527,Constance Olson,6,brasileira,,
189,Vivian Walter,+16533062748,Dwight Deckow,,"brasileira ",,
190,Ollie Collier,+19338090741,Elbert Greenfelder IV,4,"Brasileiro ",,"boy 10, 5, 8"
191,Jonathon Rolfson,+17889882977,Curtis Corkery DDS,,,,
192,Terrence Gleason,+18257889706,Julio Rogahn,3,Brasileiro,,
193,Nathan Orn,+17215359478,Iris Wiegand Jr.,,,,Avisados
194,Elisa Boyle,+14255069837,Max Bednar,2,"Brasileiro ",,
195,Kelly Auer,+17402830648,Billie Altenwerth Sr.,,,,Avisados
196,Vickie Nikolaus,+13295252266,Jessie Hills,,,,Avisados
197,Garrett Hammes,+19767845248,Sabrina Lang,1,"brasileiro ",,
198,Eddie Keebler,+16084858513,Shane Durgan,4,,,
199,Erma Bruen,+17288415223,Elias Larson,6,,,
200,Anne Pfannerstill,+13545956541,Mrs. Guadalupe Ullrich V,1,"Brasileira ",,
201,Dr. Ronnie Runte,+18438603428,Mr. Grant Grimes,4,brasileira,,menina 9 e menino 3
202,Dr. Kristin Goldner,+16539471675,Edna Stamm,5,"Colombiano ",,
203,Sandra Denesik,+14797061790,Nathaniel Lebsack,6,Columbiano,,
204,Noah Olson,+14619889967,Ms. Kristen VonRueden,6,columbiano,,
205,Dorothy Fritsch,+12439501813,Melvin Wolff,5,"Colombiano ","1 cama de solteiro. Bairro da Alegria. ",
206,Eduardo Lemke,+14347494101,Sandy Wyman,1,Angolano,,
207,Della Barton,+13059827623,Mr. Alfredo Bradtke Jr.,,,,
208,Dr. Louis Hane,+15066964891,Beulah Jakubowski II,,,,
209,Zachary Stehr,+15063636210,Grant Crona,,Brasileiro,,
210,Mr. Morris Dickens,+14875290629,Yvette Ratke,4,brasileira,,menina 2 anos
211,Maxine Hilll,+12696924943,Patty Buckridge,3,Brasileira,,
212,Miss Esther Bogan,+16695955112,Emma Prohaska,2,Brasileiros,,
213,Ronald Metz,+16627514656,Zachary Nolan,3,brasileira,,
214,Eileen Swaniawski,+14758012629,Amy Corwin,1,Peruano,,
215,John Howe,+13628553594,Oscar Rogahn,1,brasileiro,,
216,Sheldon Torphy,+12839959931,Ricardo Cronin,5,"angola ",,"3 crian�as: 10 anos, 7 anos e 4 anos"
217,Warren Little,+17117481649,Sarah Douglas,1,"portugu�s ",,
218,Miss Sherri Donnelly DDS,+13698232930,Lula Feest,4,"Portugu�s ",,
219,Randy Cummerata,+18952715707,Willie Yost,2,,,
220,Agnes Wyman,+15078366423,Ashley Cruickshank Sr.,2,Portuguesa,,
221,Alison Bernier,+16082973821,Bobbie Wiza-Stracke,2,portuguesa,,
222,Melinda Botsford,+14334773259,Jean Schmeler,,"brasileiros ",,
223,Maryann Hand,+14863349187,Tricia Ritchie,,,,
224,Lorraine Anderson,+15497937241,Rodney Corkery,1,"Brasileiro ",,
225,Betsy Murray,+13102248438,Neil Borer,,,,
226,Lynn Dach DDS,+14918375173,Lena Spencer,2,"brasileiros ",,
227,Bradford Runte-Block DDS,+13299974554,Leroy Jones,3,Brasileiro,,
228,Clarence Schiller,+14019555453,Dr. Zachary Mann Sr.,3,"colombianos ",,
229,Bethany Hamill,+12293109116,Charles Price,1,Espanhol,,
230,Earnest Bednar,+17034038218,Raymond Effertz,,,,
231,Dr. Harvey Cole PhD,+19303739031,Miss Eileen Dooley,2,Brasileiro,,
232,Dr. Benny Leannon,+16575758754,Willie Gleichner,1,Espanhol,,
233,Faye Bosco,+19426501327,Dexter Weimann-Johnston,5,Brasileiro,,
234,Gordon Swift,+13689174887,Wilfred Hackett,3,Portuguesa,,
235,Jake Effertz II,+19265519688,Sabrina Bauch,1,espanhol,,
236,Miss Mamie Bauch,+14337272647,Eleanor Brakus,3,,,
237,Phillip Feeney II,+17342863297,Dewey Howell,4,Brasileiros,,
238,Gayle Sanford Jr.,+18096620197,Cathy Reinger,4,"Brasileira ",,
239,Winifred Hudson,+16997767743,Jamie Reichert,1,Nepal,"gr�vida ",
240,Marguerite Jerde,+15328003649,Kathryn Paucek,1,peruano,,
241,Susie Jacobi,+14307408352,Crystal Lueilwitz,1,"colombiano ",,
242,Guy Price,+16313060083,Charlene Weissnat,3,"colombiano ",,
243,Molly Runolfsson PhD,+17416132661,Roland Wisozk,2,"Brasileiros ",,gravida
244,Cindy Littel,+18833128259,Kelly Feil,2,"Brasileiros ",,
245,Mercedes Rohan,+17835345040,Sean Brown,6,,,
246,Jonathon Gibson,+19226635151,Cheryl Kutch,1,brasileiro,,
247,Nichole Wisoky,+14849271536,Regina Towne,1,Argelino,,
248,Nellie Connelly,+17215507171,Julian Gulgowski,2,columbiano,,
249,Brent Klein,+12142061491,Mandy Crooks,10,"Espanhola ",,
250,Rhonda Russel,+15677790745,Morris Glover,1,"Colombiana ",,
251,Francis Cormier,+15453010219,Levi O'Keefe,3,brasileira,,
252,Percy Cartwright,+14172546340,Santos Cummings,1,Brasileira,,
253,Oscar Schulist,+17034958954,Ross Bode,4,brasileira,,
254,Sherman Crist,+17388262449,Heather Bosco DVM,4,,,
255,Blake Larkin,+18356772788,Georgia Yundt,9,"Brasileiros ",,
256,Billy Flatley,+19647957321,Ida Cormier,,,,
257,Rex Daniel,+12094571970,Jacqueline Rohan,6,Brasileiros,,
258,Mae Crist,+13066177833,Samuel Prohaska,1,Gambiano,,"virar a p�gina "
259,Terrence Feeney,+18487766847,Ramona Fay III,2,Columbiano,,
260,Richard Moen,+12392375103,Lowell Streich,,Bangladesh,,
261,Camille Murazik,+16586170421,Lionel Larson DDS,4,angolana,,
262,Esther Hammes,+12637674214,Virgil Abernathy,,,,
263,Pearl Wisozk,+18459588427,Regina Sipes,3,azerbaijan,,
264,Ernestine Osinski,+12037259282,Tabitha Mann,,Ucraniana,,
265,Jon Kerluke,+18218034458,Louise O'Kon,4,Colombiano,,boys 16 and 12
266,Preston Orn IV,+18606851929,Charlene Wintheiser,4,Nepal,,
267,Janice Romaguera,+18445811301,Darrin Luettgen-Rodriguez,2,Guin�,,Menino 6
268,Miss Nina Padberg Sr.,+18002380444,Martha Hermann,2,"Guin� ",,menino 6
269,Clara Rohan,+17874675452,Dean Bernier,5,Portuguesa,,boy 2 girl 10
270,Rene Blanda-Heathcote,+15877905822,Miss Lori Mertz,,,,
271,Violet Ruecker,+16099344437,Enrique Champlin,1,brasileiro,,
272,Miss Jan Pouros,+18393043944,Guadalupe Fay IV,1,Peruano,,
273,Bernice Russel,+15918570523,Doyle Jacobs,,,,
274,Nathaniel Davis,+17558366451,Rachael Ortiz,,,,
275,Frank Nader,+12713355036,Bonnie Larson,3,Columbiano,,
276,Debbie Champlin,+16276579046,Jamie Marks,3,Columbian,,"Girl 10 "
277,May Wiegand,+12643064405,Hector Lind,4,,,4 sacos de roupa
278,Ernest Kuhlman,+12435688017,Cheryl Dooley,5,"Espanhol ",,
279,Lynn Gerlach,+13888746321,Rhonda Crona,,Ucraniana,"Lencois de bebe, alimentacoes",Apulia - gravida
280,Joshua Bashirian MD,+16127334112,Mr. Clay Durgan,,Ucraniana,,
281,Jimmy Pouros,+15324995941,Randal Champlin,4,"columbiano ",,meninos 3 anos e 7 anos
282,Heather Thiel,+12445578600,Mildred Feest,,,,
283,Delbert Reynolds,+18762712123,Angelo Schaden,2,"brasileira ",,
284,Bethany Hills MD,+19764680726,Marlon Hane,,,,
285,Krista Doyle,+17805480832,Tyler Welch,2,Brasileiros,,
286,Lucille Mraz,+17359920175,Horace Littel,5,"Uruguai ",,
287,Jeanne Ledner,+16159374143,Mrs. Lula Hoppe,3,Peru,,menino 1
288,Sandy Brakus IV,+16848077829,Emilio Bernier,2,brasileira,,
289,Tomas Yundt,+14722776079,Misty Kunze,3,Brasileira,,
290,Laurence Mante,+12468356688,Perry Barrows,3,Brasileira,,beb� janeiro
291,Max Ziemann,+18396033188,Stuart Bergnaum,2,"Portugu�s ",,
292,Clayton Emmerich,+14937780378,Mr. Daniel Turcotte Sr.,1,"portugu�s ",,mora na rua
293,Julio Shields,+17365060503,Erica Russel,3,brasileira,,boy 12
294,Nathan Wehner,+12359839154,Gerald Botsford,3,Columbiano,,
295,Jessica Collier,+17983184134,Ada Abbott,1,"Portugu�s ",,
296,Ellis Mohr,+15752018804,Alonzo Ritchie,1,"Brasileiro ",,
297,Marcus Doyle,+14177125851,Valerie Abbott,1,colombiana,,
298,Andre Stracke,+12205920751,Bessie Koch IV,3,"portuguesa ",,
299,Felipe Marks,+19239648123,Cristina Gerhold,,,,
300,Kerry Lakin,+18073163985,Meghan Lind,7,Br�s./Columbia.,,
301,Sally Russel-Osinski,+19369075816,Sally Gleichner,2,"Guin� ",,gravida
302,Conrad O'Keefe,+18867084460,Mr. Lionel Kassulke,3,"B�lgaro ",,roupa bebe
303,Jan Denesik,+13103658525,Madeline Bradtke,4,Mexicana,meninos 5 e 8,
304,Kendra Jacobson,+16209994376,Lena Koelpin,3,,,Boys 2
305,Gwen Mohr,+13998079029,Kay Rippin-Dietrich,,,,
306,Dr. Trevor Boehm DDS,+15796391164,Marty Robel,2,columbiano,,
307,Misty Feil,+19472077409,Earl Baumbach,,,,
308,Gerald Goldner,+14077337995,Cassandra Howell,6,,,
309,Nadine Von,+14313571903,Rogelio Hartmann,1,Columbiano,,
310,Charles Bartell,+13382018781,Mr. Pedro Rempel,,,,
311,Holly Gislason,+19534974413,Sean Smith,5,"Brasileiro ",,
312,Salvador Schuster,+15109108469,Mr. Trevor Jacobson,1,portuguesa,,
313,Mrs. Christie Reilly,+16686531924,Beatrice Bogan DVM,3,Colombianos,,
314,Alfred Hagenes II,+14925235177,Rose Luettgen,1,"Portuguesa ",,
315,Dr. Alison Gerhold,+15784313003,Ms. Elsie Ortiz,,,Carrinho 7m e 2,Avisados
316,Ignacio Bins,+13607126301,Dr. Sandy Smitham,1,"brasileira ",,
317,Tricia Wisoky,+19235945127,Roy D'Amore,5,Colombiana,,
318,Kelli Hagenes,+18103408310,Lynette Stehr II,3,brasileira,,
319,Ellen Torphy,+13563105894,Beatrice McGlynn,2,Brasileiros,,
320,Alma Koss,+14263311328,Alison Crona,"Centro ",Portuguesa,,
321,Eula Hermiston,+13227847930,Dominic Weissnat,1,Portuguesa,,
322,Bob Murazik,+12393653803,Martin Conn,,portuguesa,,
323,Geraldine White,+12466208836,Dr. Vincent O'Hara,3,Portuguesa,,Baby Girl Boys 5 and 7
324,Hector Sporer,+14995125142,Lynn Rau,,,,
325,Santiago Koch,+16789386233,Kurt Schowalter,4,Portuguesa,,
326,Michele Kovacek,+15608005496,Joann Langworth,2,Portuguesa,,
327,Charlie Mitchell,+14963385187,Pablo Stiedemann,3,americana,,
328,Helen Schoen,+18282100005,Blake Becker,,,"Carrinho 7m mesa cadeira ",Avisados
329,Sandra Walsh V,+13185987016,Mack Barton,,,,
330,Clarence Parker,+18878258886,Marsha Abernathy,3,Brasileiros,girl 5,
331,Randolph Toy,+16653053572,Eloise Kihn,6,Portuguesa,,Crian�a 5
332,Troy McCullough,+12619706340,Michael Cummings I,,,,
333,Ed Brekke,+18029360519,Dominick Treutel IV,4,"Brasileira ",,
334,Levi Lehner,+14522913674,Rachael Frami,1,Columbiano,,
335,Julie Nader,+15923985928,Erik Mann,4,Brasileiro,,
336,Nancy Sipes,+13165276568,Tabitha McKenzie,,,,
337,Daisy Pacocha,+15094093878,Douglas Kulas,1,Colombiano,,
338,Walter Rutherford,+15425818161,Norman Bauch,2,"brasileira ",,
339,Phillip Rosenbaum,+16153111528,Dora Feeney-Mitchell,4,China,,
340,Elijah Mante,+18938550510,Elsie Feil,,,,
341,Rufus Padberg,+14707204132,Bennie Hamill,4,Brasileira,,Boys 5 e 2
342,Meredith Harris,+19123069081,Andy Lesch PhD,,,,
343,Alan Spinka,+12459969946,Meredith Pacocha,,,,
344,Jeremy Koch,+17757546966,Jesus Boehm,,,,
345,Leonard Considine DVM,+17196213977,Nadine Lang,2,Brasileiros,,
346,Mrs. Shirley Johnston,+13682665172,Hattie Abbott,3,Nepal,,menina 9 meses
347,Lynette King,+15112343160,Cary Anderson,7,Congolesa,,
348,Patricia Cronin,+18669144860,Jessie Zieme,,,,
349,Gene Witting,+17819704906,Nathan Wiza,,,,
350,Terrell Hahn,+14576342750,Dr. Joey Lockman II,5,,,
351,Silvia Orn,+16113100562,Sandy Pollich,2,"Brasileiro ",,
352,Kent Langosh,+12715235082,Joey Wintheiser,,,,
353,Patti Dooley,+14956625018,Marty Tillman,,Ucraniana,,
354,Bonnie Hyatt,+14667129663,Glenda Mertz,4,Colombiana,,
355,Hattie MacGyver,+13052998751,Randolph Predovic,4,Brasileiro,meninas de 3 e 6,
356,Ms. Naomi Christiansen,+19933156612,Clayton Kuhic,,Ucraniana,,
357,Blake Koss,+14527640628,Roman Christiansen,4,Argentinos,,
358,Roman Kutch,+18238317968,Sophie Krajcik,2,Brasileira,,
359,Debbie Harris,+12204810922,Alberto Lowe,3,Brasileiro,,
360,Alexis Thiel,+19893753993,Mr. Gordon Crooks DDS,4,peruana,,
361,Alex Flatley,+16939019929,Lucas Reichel,6,,,
362,Grady Rosenbaum,+15174301301,Armando MacGyver,4,Nepal,menina 7,
363,Georgia Mante,+16115167139,Ernesto Davis,3,Portuguesa,,Girls 5 e 8
364,Phyllis Okuneva,+13396345874,Roland Greenholt MD,,"Ucranianos ",,
365,Dennis Funk,+19014095408,Joel Hand,,Ucraniana,,
366,Marta Lehner PhD,+15396333966,Felicia Crist IV,2,Ucraniana,Calcas de tamnho 32-33 para filha,
367,Eric Hudson,+18823592055,Israel O'Hara,1,Portuguesa,,
368,Eileen Effertz,+12422952943,Mack Fisher,2,Brasileira,,
369,Heather Balistreri,+15128335896,Carol Boyer,2,Brasileiro,,
370,Kent Hammes,+15563910455,Elizabeth Corwin I,3,americana,,
371,Mattie Leuschke,+16049907953,Judy Stanton,,angolana,,
372,Homer Johns,+12708485326,Miss Pat Jakubowski,1,Portuguesa,,
373,Eunice Wisozk,+13154473932,Timmy Fay,4,Nepal,,Boy 1 Girl 11
374,Belinda Marvin,+14416016134,Kenny Haley,5,argilinos,,Avisados
375,Adrian Herman,+13794900009,Frankie Wiegand,3,Brasileira,,
376,Mr. Johnnie Bahringer II,+19249455569,Melba Cormier,2,Brasileira,,
377,Emilio Larkin,+14383430855,Monica Lesch,4,"Portugu�s ",,
378,Adrienne Watsica,+15785964748,Jenny Medhurst,3,"Brasileira ",colch�o de solteiro e casal,
379,Christian Fahey,+18443032946,Randal Heller,1,Columbiano,,
380,Terrence VonRueden-Jacobi DDS,+13335580060,May Kertzmann I,1,Brasileira,,
381,Henrietta Wehner,+19644651217,Glenda Johns,2,brasileiro,,
382,Mark Miller,+18593501069,Bertha Mraz,2,"portuguesa ",,"gr�vida "
383,Hannah Robel,+19849770984,Theodore Smith,4,"Brasileiros ",,Areias S. Vicente
384,Nathaniel Roob,+18368307461,Tommie Emmerich,4,brasileiro,,
385,Bill Donnelly,+12393846727,Monique Botsford PhD,,,,
386,Sylvester Huel,+12243574233,Kayla Oberbrunner-Wintheiser,1,"Colombiano ",,
387,Miss Candace Littel,+16473747911,Renee Watsica,,Columbiano,,
388,Jay Schroeder,+12356114743,Julius Hilpert,4,Angolana,,meninos 4 e 8
389,Eula Murray,+18859537878,Mr. Edgar Sporer,5,Indiana,,
390,Joyce Quitzon,+19149969590,Mrs. Marie Schimmel,4,"Portugu�s ",neta 5,
391,Ms. Claudia Roob,+14042376266,Jean Runolfsson,1,Espanha,,
392,Darnell Fadel,+19559894992,Tony Hand,,,,
393,Mr. Terence Balistreri,+13346837646,Bonnie Sanford,,Brasileiro,,
394,Alejandro Smith,+14724559210,Chelsea Zulauf,4,"Brasileira ",,boy14 girl 10
395,Lana Schowalter,+16374493572,Cary Ebert,,,,
396,Katie Ferry,+17656442137,Randall Metz,,,,Avisados
397,Julian Bergnaum,+18534587852,Don Jaskolski IV,,,,
398,Kate Hammes,+13486849023,Arlene Kunze,4,angolana,,
399,Nora Kulas,+19012146598,Nettie Cummings,,Ucraniana,,
400,Mrs. Amy Gutmann,+14953618384,Angel Rosenbaum III,1,"Afeganist�o ",Quarto at� 300�,"� volunt�rio "
401,Pat Willms,+13525813046,Alonzo Daniel,3,brasileiros,,
402,Elaine Connelly,+19287621382,Bradford Kulas,2,,,
403,Wanda Pfannerstill,+15802732487,Ms. Kim Willms,3,peruana,,
404,Mike Kshlerin,+18818226933,Casey Wyman,4,Portuguesa,,2 meninas 12 e 17
405,Amy Douglas,+15567435241,Carolyn Kertzmann,4,Brasileira,,
406,Lisa Paucek,+18445981765,Lola Kertzmann,1,Espanhol,,
407,Horace Lockman-Roberts,+16013811897,Simon O'Connell,4,Nepal,,girl 8
408,Jose Jacobs,+14418462426,Bobby Dicki III,,Brasileiro,,"Amiga "
409,Kelvin Schroeder,+17764202570,Gabriel Stroman,3,Angolana,,
410,Jerome Will,+19937213959,Mr. Colin White,5,Brasileiros,,
411,Stella Spinka,+18385723915,Cynthia Kuhic,4,Marroquino,,boy 8 girl 3
412,Johnny Dickens-Nienow Jr.,+17678161523,Maxine Hammes,6,Congolesa,,
413,Krystal Grant DDS,+16169174600,Mitchell Dickens-Rolfson,3,colombianos,,
414,Hubert Howell,+12106868868,George Abshire,1,Portuguesa,,
415,Darren Cummerata,+13745418812,Meredith Wisozk,2,"Brasileiro ",,
416,Micheal Goldner Jr.,+18067956848,Janet Casper I,3,"Paquist�o ",,"Girl 1 Boy 16 "
417,Courtney Hyatt,+13225627798,Dr. Joann Morissette-Jerde I,4,"Brasileiros ",,
418,Anthony Schulist,+19359941327,Lucille Kub,,,,
419,Rachel Bruen,+16685184401,Naomi Oberbrunner,1,"brasileira ",,
420,Kevin Little,+12396761996,Vickie Hahn,4,,,
421,Jasmine Wunsch-O'Kon,+13195587959,Dexter Kuhic,3,"s�o Tom� ",,menino 1 ano
422,Felix McClure I,+17559061779,Colleen Zemlak,3,"Nepal ",,bebe 2 meses
423,Kelvin Boehm,+14063713265,Mrs. Iris Padberg,2,brasileira,,
424,Freddie Buckridge,+16514998055,Eric Morar,2,"Brasileira ",,2 ADULTAS
425,Clara Pagac,+13374962022,Olga Welch,1,Portuguesa,,
426,Mrs. Sally Simonis,+14548239325,Peter Renner,1,brasileira,,
427,Jamie Runolfsson,+12782086005,Mae Nitzsche,3,portuguesa,,
428,Roberta Schulist-Bruen,+16768941186,Joe Paucek,3,brasileira,,girl 10
429,Patsy Lehner PhD,+19582128923,Brandy Morissette,,argilinos,,
430,Steven Hilll MD,+14076370530,Erin Schoen,2,Brasileira,,
431,Ginger Rutherford,+17674178948,Ann Schmeler,3,"Brasileira ",,
432,Mr. Rogelio Marks,+13049700935,Alice Mohr,4,Brasileira,,
433,Salvatore Parisian,+12776853515,Marilyn Swift,1,"Colombiana ",,
434,Danny D'Amore II,+16328276647,Mrs. Joan McClure PhD,7,angolana,,
435,Lee Ritchie,+16284336455,Stanley Schimmel,2,"Brasileira ",,
436,Jon Wehner,+13777153387,Rosa Kuphal,2,"Brasileiro ",,
437,Curtis Feeney,+17033926378,Paula Sipes,6,"Angolanos ",,girl 7 e 18 boy 11 e 15
438,Brooke Raynor,+13014232900,Bradford Swaniawski,7,Port./Ang.,Menina 3,"meninos 17, 11, 6"
439,Tony Wiza,+14543812221,Glenda Dickens,4,Brasileira,,
440,Yvette Champlin,+17227681590,Carole Jakubowski,4,Brasileiros,,
441,Joanne Auer,+16475439813,Felipe Bernhard,5,"Uruguai ",,
442,Jeffrey Bauch,+19264562808,Lonnie Denesik,,,,
443,Emmett Wuckert,+18435212478,Johnnie Schultz III,2,Brasileira,,Menino 11
444,Janet Gerlach Jr.,+18997994300,Gilbert Crooks,5,Brasileira,,girl 1 boy 14
445,Nicolas Wiza,+16485686339,Dr. Colin O'Conner,2,"colombiano ",,
446,Clarence Ruecker I,+16204054891,Diana Grady,3,Brasileiro,,
447,Dr. Tara Walker,+13186349535,Shelly Considine,2,brasileira,,menino 10 anos
448,Mrs. Janie Weimann,+13865191849,Nancy Torp,4,portugueses,Tem menina com problemas de saude,
449,Derek Reichel,+15645271452,Pam Cronin,1,"Ucraniano ",,
450,Lila Graham,+19355764820,Eddie Osinski,2,"brasileiros ",,
451,Claude Daniel,+18545964628,Johanna Lynch,,Ucraniana,,
452,Dennis Watsica,+16075945603,Dr. Annie Auer,2,Brasil e Venez,,
453,Faye Swaniawski,+17743529651,Clint Buckridge,3,"Brasileira ",,
454,Gladys Bernier,+14226871028,Andy Champlin,3,Brasileiro,,menina 1a7m
455,Dominick Ritchie Sr.,+19324205475,Kathy Funk,1,"Brasileiro ",,
456,Glenn Swaniawski-Murazik,+14384095377,Annette Schumm,,Brasileiro,,Amigos
457,Ms. Wendy Turcotte,+17349283463,Miss Marlene Bode,,,,
458,Shirley Becker,+18312306107,Ricky Roob,4,angolana,faz muitos coment�rios,
459,Mrs. Beatrice Doyle,+13215125200,Tommy Brakus,,,,
460,Henrietta Bergstrom IV,+18294967425,Norma Brekke,,,,
461,Nicole Harris II,+19122959127,Ronald Hand,1,brasileiro,,
462,Sabrina Wunsch,+14844387558,Dr. Greg Dach,2,Ucraniano,,"Tirou artigos hygienicos, com amigo"
463,Carlos Hills,+17089020393,Sheri Abbott,,Brasileiro,,
464,Gladys Koepp-Rippin,+14517765530,Wallace VonRueden,4,Ucraniana,,
465,Glen Ankunding,+16058801263,Tomas Champlin,2,Ucraniana,,menina 7 anos
466,Tom Kohler,+18584499461,Victor Doyle,3,S�ria,,
467,Dr. Jimmy Baumbach,+13712905899,Eileen Hamill,2,"Fran�a ",,
468,Troy Nolan,+19628518711,Miss Kelly Marks,5,"Brasileira ",,menina 5 e meninao 4
469,Fannie Hartmann,+13935456925,Rosalie Marquardt,2,"Brasileira ",,
470,Mr. David Schimmel,+19565082936,Dr. Henrietta Little,4,"Brasileira ",,memina 7 e menina 12
471,Kellie King,+13249891809,Lucy Zieme I,2,Portuguesa,,
472,Angelo Russel,+18052194747,Dr. Mattie Dietrich,2,"Portugu�s ",,
473,Noah Fisher,+12105990532,Russell Ferry-Lemke,4,"Ucr�nia ",,"menino 8, menina 7 e menina 4"
474,Ernest Padberg,+19136209815,Phyllis Johns,1,"Guatemala ",,
475,Victoria Heidenreich,+14677750506,Dorothy Wilderman IV,4,"brasileira ",,menino 5 e 2 anos
476,Rachel Jacobson,+16734306220,Tommie Ward,7,"portuguesa ",,menino 4 anos
477,Kelley Beier,+12218956507,Roland McClure,5,"brasileira ",,"irm� com mobilidade reduzida "
478,Gregory Schumm,+13483208201,Erik Wiegand,2,"columbiano ",,
479,Brent Balistreri,+16535218755,Ms. Bernadette Carroll,3,"brasileira ",,menina 4 anos
480,Claude Lockman-Bruen,+13484736563,Jessica Padberg,2,"Guin� ",,
481,Frederick Hirthe,+17126530507,Jim Effertz-West PhD,1,"cabo ",,
482,Lydia VonRueden,+19233813215,Terrence Abbott,5,cabo,,
483,Shannon Lueilwitz,+12073097853,Leon Nikolaus,4,"colombiano ",,
484,Israel Davis,+19895616301,Irving Little-Durgan,3,"brasileira ",,menina 8 anos
485,Doyle Reinger,+18349761189,Dr. Rodolfo Marks-Baumbach,1,portuguesa,,
486,Andy Lebsack,+14116089302,Shane Lang-Witting,5,"Guin� ",,
487,Darla Lockman,+16629970748,Joel Nikolaus,,"portugu�s ",,buscar roupa para beneficiario
488,Lucia Pollich,+19557688916,Jerome Von-Hermann,1,,,
489,Jamie Lynch,+15954213193,Jeremiah Cronin,3,Brasileira,,menina 3 anos
490,Ramon Hahn,+16849716975,Brandy Purdy,3,brasileiro,,1 anos
491,Lori Wolff,+17756384509,Tonya Jones,,"Franc�s ",,
492,Dr. Maurice Conn,+12037311296,Johnathan Schuppe,1,,,
493,Sally Rolfson,+13758332888,Ellen Trantow,4,"brasileira ",,
494,Neal Streich,+14767964519,Nick Rowe,5,"brasileira ",,
495,Dr. Lucille McCullough,+18664830331,Juan Skiles,4,"Camer�es ",,
496,Beth Mueller,+16718343116,Alfonso Purdy,1,"Brasileiro ",,
497,Teri Greenfelder,+12807231691,Marion O'Connell,2,"portugueses ",,
498,Frances Braun,+13898132312,Cecelia Olson,4,brasileiro,,
499,Toni Braun,+19796087478,Marcella Metz,1,"brasileiro ",,
500,Charlie Corwin,+16252863578,Jacob Bernier,2,brasileiros,,"sobrinho "
501,Mr. Jimmy Walsh Sr.,+19343466432,Ricky Klein,4,brasileiros,,
502,Cynthia Kovacek,+16787793941,Darrel Gerhold,5,brasileira,,
503,Mrs. Leslie Stehr,+17779364734,Ms. Sonja Hoeger,1,portuguesa,,
504,Chelsea Steuber,+19345500742,Lila Zboncak,1,"portugu�s ",,
505,Loren Streich,+19209360266,Melvin Conroy,3,caman,,
506,Marie Auer,+13074772291,Daisy Wisoky IV,4,"Angolana ",,
507,Rodolfo Borer,+13923338664,Sheila Carter DVM,5,"Bulg�ria ",,
508,Pam Klein,+14056851472,Betsy Borer,1,"cabo-verdiana ",,
509,Frankie Grant,+16312031511,Judith Hagenes,,,,
,William Goodwin III,+15684475115,Shelly Dare,,,,